field,enum,value
Deliverable,,completed
Deliverable,yes,deliverable
Deliverable,yes,developable
Deliverable,,false
Deliverable,,no
Deliverable,yes,possibly developable
Deliverable,yes,the land is deliverable
Deliverable,yes,true
Deliverable,,unsuitable
Deliverable,yes,y
Deliverable,yes,yes part
HazardousSubstances,,expired
HazardousSubstances,,no
HazardousSubstances,yes,possible diesel fuel pollution
HazardousSubstances,yes,potentially subject to broken glass
HazardousSubstances,yes,y
OwnershipStatus,not owned by a public authority,in public ownership
OwnershipStatus,not owned by a public authority,local authority
OwnershipStatus,mixed ownership,local authority unknown
OwnershipStatus,mixed ownership,mixed
OwnershipStatus,mixed ownership,mixed owner
OwnershipStatus,,multiple ownership
OwnershipStatus,,multipleowners
OwnershipStatus,not owned by a public authority,not in public ownership
OwnershipStatus,not owned by a public authority,not owned by a public aut
OwnershipStatus,not owned by a public authority,not owned by a public authoritity
OwnershipStatus,not owned by a public authority,not owned by a public authority
OwnershipStatus,not owned by a public authority,not owned by apublic authority
OwnershipStatus,not owned by a public authority,not owned by public authority
OwnershipStatus,not owned by a public authority,notownedbyapublicauthority
OwnershipStatus,owned by a public authority,kent county council
OwnershipStatus,owned by a public authority,onwed by a public authorty
OwnershipStatus,owned by a public authority,owmed by a public authority
OwnershipStatus,owned by a public authority,owned by a public authori
OwnershipStatus,owned by a public authority,owned by a public authority
OwnershipStatus,owned by a public authority,owned by a public authority - hbc
OwnershipStatus,mixed ownership,owned by a public authority part
OwnershipStatus,owned by a public authority,owned by a public authorty
OwnershipStatus,owned by a public authority,owned by public authority
OwnershipStatus,owned by a public authority,owned by the london borough of bromley
OwnershipStatus,owned by a public authority,ownedbyapublicauthority
OwnershipStatus,,ownership unknown
OwnershipStatus,not owned by a public authority,private
OwnershipStatus,not owned by a public authority,private company
OwnershipStatus,not owned by a public authority,private individual
OwnershipStatus,not owned by a public authority,promoted
OwnershipStatus,owned by a public authority,public - thurrock council
OwnershipStatus,owned by a public authority,public authority
OwnershipStatus,owned by a public authority,public ownership
OwnershipStatus,owned by a public authority,qwned by a public authority
OwnershipStatus,owned by a public authority,swindon borough council
OwnershipStatus,owned by a public authority,swindon borough council and others
OwnershipStatus,,unknown
OwnershipStatus,,unknown owenrship
OwnershipStatus,,unknown owership
OwnershipStatus,,unknown owner
OwnershipStatus,,unknown ownerhip
OwnershipStatus,,unknown ownership
OwnershipStatus,,unkown ownership
PermissionType,,application refused rejected
PermissionType,other,decision pending
PermissionType,other,determination for permitted development
PermissionType,other,expired
PermissionType,other,extant
PermissionType,full planning permission,ful
PermissionType,full planning permission,full
PermissionType,full planning permission,full permission
PermissionType,full planning permission,full planning
PermissionType,full planning permission,full planning application
PermissionType,full planning permission,full planning permis
PermissionType,full planning permission,full planning permisison
PermissionType,full planning permission,full planning permission listed building consent
PermissionType,planning permission granted under an order,full planning permission planning permission granted under an order
PermissionType,other,full planning permission prior approval
PermissionType,full planning permission,full planning permission subject to legal agreement
PermissionType,full planning permission,full plannng permission
PermissionType,other,hybrid full outline
PermissionType,other,hybrid full outline planning permission with all matters reserved
PermissionType,other,hybrid planning permission
PermissionType,other,lapsed permission
PermissionType,other,listed building
PermissionType,other,listed building consent
PermissionType,full planning permission,mma full planning permission
PermissionType,,none
PermissionType,other,not permissioned
PermissionType,other,oter
PermissionType,other,other - s73 mma
PermissionType,other,other full planning permission
PermissionType,other,otther
PermissionType,outline planning permission,ouline planning permission
PermissionType,outline planning permission,outline
PermissionType,outline planning permission,outline permission
PermissionType,outline planning permission,outline planning
PermissionType,outline planning permission,outline planning app
PermissionType,outline planning permission,outline planning application
PermissionType,outline planning permission,outline planning application with all matters reserved
PermissionType,outline planning permission,outline planning per
PermissionType,outline planning permission,outline planning permission 15 07 15
PermissionType,outline planning permission,outline planning permission with all matters reserved
PermissionType,outline planning permission,outline reg 3 planning permission
PermissionType,outline planning permission,outline submitted
PermissionType,other,part outline part fu
PermissionType,other,part outline part full planning permission
PermissionType,other,pending
PermissionType,other,pending decision
PermissionType,other,permission lapsed
PermissionType,full planning permission,permissioned
PermissionType,full planning permission,planning permission
PermissionType,planning permission granted under an order,planning permission granted under an order
PermissionType,planning permission granted under an order,planning permission granted under an order full permission
PermissionType,other,prior approval
PermissionType,other,prior approval - approved change of use
PermissionType,other,prior approval - class o
PermissionType,other,prior notification
PermissionType,other,renewal - full planning permission
PermissionType,reserved matters approval,reserve matters
PermissionType,reserved matters approval,reserved matters
PermissionType,other,reserved matters and full planning
PermissionType,reserved matters approval,reserved matters app
PermissionType,reserved matters approval,reserved matters application
PermissionType,reserved matters approval,reserved matters approval
PermissionType,reserved matters approval,reserved matters approval permission approval
PermissionType,reserved matters approval,reserved matters permission
PermissionType,reserved matters approval,reserved matters planning permission
PermissionType,reserved matters approval,reserved mattres approval
PermissionType,other,residential development
PermissionType,technical details consent,techincal details consent
PermissionType,other,technical details co
PermissionType,other,under construction
PermissionType,full planning permission,with full permission
PermissionType,outline planning permission,with outline permission
PlanningStatus,permissioned,approved
PlanningStatus,pending decision,decision pending
PlanningStatus,not permissioned,expired permission
PlanningStatus,permissioned,full consent
PlanningStatus,permissioned,full planning permission
PlanningStatus,not permissioned,lp site not permissioned
PlanningStatus,not permissioned,no permissioned
PlanningStatus,not permissioned,not consented
PlanningStatus,not permissioned,not in planning system
PlanningStatus,not permissioned,not permisioned
PlanningStatus,not permissioned,not permissed
PlanningStatus,not permissioned,not permissionsed
PlanningStatus,not permissioned,not permissoned
PlanningStatus,pending decision,outline consent
PlanningStatus,pending decision,outline permission
PlanningStatus,pending decision,outline planning permission
PlanningStatus,pending decision,part permissioned
PlanningStatus,pending decision,pending
PlanningStatus,pending decision,pending decision appeal lodged
PlanningStatus,pending decision,pending descision
PlanningStatus,pending decision,pending permission
PlanningStatus,pending decision,pendingdecision
PlanningStatus,permissioned,permisioned
PlanningStatus,permissioned,permission
PlanningStatus,permissioned,permission granted
PlanningStatus,permissioned,permissiond
PlanningStatus,permissioned,permissioned part
PlanningStatus,permissioned,permissoned
PlanningStatus,permissioned,planningstatus
PlanningStatus,pending decision,prior notification
PlanningStatus,pending decision,reserve mattes permi
PlanningStatus,permissioned,under construction
PlanningStatus,permissioned,yes
OrganisationURI,http://opendatacommunities.org/id/district-council/redditch,http://id.esd.org.uk/service/1797
OrganisationURI,http://opendatacommunities.org/id/district-council/epping-forest,http://opendatacommunities.org/doc/district-council/eppingforest
OrganisationURI,http://opendatacommunities.org/id/metropolitan-district-council/newcastle,http://opendatacommunities.org/id/county-council/newcastle-upon-tyne
OrganisationURI,http://opendatacommunities.org/id/district-council/mole-valley,http://opendatacommunities.org/id/district-council/molevalley
OrganisationURI,http://opendatacommunities.org/id/district-council/south-northamptonshire,http://opendatacommunities.org/id/district-council/southnorthants
OrganisationURI,http://opendatacommunities.org/id/london-borough-council/lambeth,http://opendatacommunities.org/id/geography/administration/lonb/E09000034
OrganisationURI,http://opendatacommunities.org/id/london-borough-council/lambeth,http://opendatacommunities.org/id/geography/administration/lonb/E09000035
OrganisationURI,http://opendatacommunities.org/id/london-borough-council/lambeth,http://opendatacommunities.org/id/geography/administration/lonb/E09000036
OrganisationURI,http://opendatacommunities.org/id/london-borough-council/lambeth,http://opendatacommunities.org/id/geography/administration/lonb/E09000037
OrganisationURI,http://opendatacommunities.org/id/london-borough-council/lambeth,http://opendatacommunities.org/id/geography/administration/lonb/E09000038
OrganisationURI,http://opendatacommunities.org/id/london-borough-council/lambeth,http://opendatacommunities.org/id/geography/administration/lonb/E09000039
OrganisationURI,http://opendatacommunities.org/id/london-borough-council/lambeth,http://opendatacommunities.org/id/geography/administration/lonb/E09000040
OrganisationURI,http://opendatacommunities.org/id/london-borough-council/lambeth,http://opendatacommunities.org/id/geography/administration/lonb/E09000041
OrganisationURI,http://opendatacommunities.org/id/london-borough-council/lambeth,http://opendatacommunities.org/id/geography/administration/lonb/E09000042
OrganisationURI,http://opendatacommunities.org/id/london-borough-council/lambeth,http://opendatacommunities.org/id/geography/administration/lonb/E09000043
OrganisationURI,http://opendatacommunities.org/id/london-borough-council/lambeth,http://opendatacommunities.org/id/geography/administration/lonb/E09000044
OrganisationURI,http://opendatacommunities.org/id/london-borough-council/lambeth,http://opendatacommunities.org/id/geography/administration/lonb/E09000045
OrganisationURI,http://opendatacommunities.org/id/london-borough-council/lambeth,http://opendatacommunities.org/id/geography/administration/lonb/E09000046
OrganisationURI,http://opendatacommunities.org/id/london-borough-council/lambeth,http://opendatacommunities.org/id/geography/administration/lonb/E09000047
OrganisationURI,http://opendatacommunities.org/id/london-borough-council/lambeth,http://opendatacommunities.org/id/geography/administration/lonb/E09000048
OrganisationURI,http://opendatacommunities.org/id/london-borough-council/lambeth,http://opendatacommunities.org/id/geography/administration/lonb/E09000049
OrganisationURI,http://opendatacommunities.org/id/london-borough-council/lambeth,http://opendatacommunities.org/id/geography/administration/lonb/E09000050
OrganisationURI,http://opendatacommunities.org/id/london-borough-council/lambeth,http://opendatacommunities.org/id/geography/administration/lonb/E09000051
OrganisationURI,http://opendatacommunities.org/id/london-borough-council/lambeth,http://opendatacommunities.org/id/geography/administration/lonb/E09000052
OrganisationURI,http://opendatacommunities.org/id/metropolitan-district-council/oldham,http://opendatacommunities.org/id/geography/administration/md/E08000037
OrganisationURI,http://opendatacommunities.org/id/metropolitan-district-council/oldham,http://opendatacommunities.org/id/geography/administration/md/E08000038
OrganisationURI,http://opendatacommunities.org/id/metropolitan-district-council/oldham,http://opendatacommunities.org/id/geography/administration/md/E08000039
OrganisationURI,http://opendatacommunities.org/id/metropolitan-district-council/oldham,http://opendatacommunities.org/id/geography/administration/md/E08000041
OrganisationURI,http://opendatacommunities.org/id/metropolitan-district-council/oldham,http://opendatacommunities.org/id/geography/administration/md/E08000042
OrganisationURI,http://opendatacommunities.org/id/metropolitan-district-council/oldham,http://opendatacommunities.org/id/geography/administration/md/E08000043
OrganisationURI,http://opendatacommunities.org/id/metropolitan-district-council/oldham,http://opendatacommunities.org/id/geography/administration/md/E08000044
OrganisationURI,http://opendatacommunities.org/id/metropolitan-district-council/oldham,http://opendatacommunities.org/id/geography/administration/md/E08000045
OrganisationURI,http://opendatacommunities.org/id/metropolitan-district-council/oldham,http://opendatacommunities.org/id/geography/administration/md/E08000046
OrganisationURI,http://opendatacommunities.org/id/metropolitan-district-council/oldham,http://opendatacommunities.org/id/geography/administration/md/E08000047
OrganisationURI,http://opendatacommunities.org/id/metropolitan-district-council/oldham,http://opendatacommunities.org/id/geography/administration/md/E08000048
OrganisationURI,http://opendatacommunities.org/id/metropolitan-district-council/oldham,http://opendatacommunities.org/id/geography/administration/md/E08000049
OrganisationURI,http://opendatacommunities.org/id/metropolitan-district-council/oldham,http://opendatacommunities.org/id/geography/administration/md/E08000050
OrganisationURI,http://opendatacommunities.org/id/metropolitan-district-council/oldham,http://opendatacommunities.org/id/geography/administration/md/E08000051
OrganisationURI,http://opendatacommunities.org/id/metropolitan-district-council/oldham,http://opendatacommunities.org/id/geography/administration/md/E08000052
OrganisationURI,http://opendatacommunities.org/id/metropolitan-district-council/oldham,http://opendatacommunities.org/id/geography/administration/md/E08000053
OrganisationURI,http://opendatacommunities.org/id/metropolitan-district-council/oldham,http://opendatacommunities.org/id/geography/administration/md/E08000054
OrganisationURI,http://opendatacommunities.org/id/metropolitan-district-council/oldham,http://opendatacommunities.org/id/geography/administration/md/E08000055
OrganisationURI,http://opendatacommunities.org/id/metropolitan-district-council/oldham,http://opendatacommunities.org/id/geography/administration/md/E08000056
OrganisationURI,http://opendatacommunities.org/id/metropolitan-district-council/oldham,http://opendatacommunities.org/id/geography/administration/md/E08000057
OrganisationURI,http://opendatacommunities.org/id/metropolitan-district-council/oldham,http://opendatacommunities.org/id/geography/administration/md/E08000058
OrganisationURI,http://opendatacommunities.org/id/metropolitan-district-council/oldham,http://opendatacommunities.org/id/geography/administration/md/E08000059
OrganisationURI,http://opendatacommunities.org/id/metropolitan-district-council/oldham,http://opendatacommunities.org/id/geography/administration/md/E08000060
OrganisationURI,http://opendatacommunities.org/id/metropolitan-district-council/oldham,http://opendatacommunities.org/id/geography/administration/md/E08000061
OrganisationURI,http://opendatacommunities.org/id/metropolitan-district-council/oldham,http://opendatacommunities.org/id/geography/administration/md/E08000062
OrganisationURI,http://opendatacommunities.org/id/metropolitan-district-council/oldham,http://opendatacommunities.org/id/geography/administration/md/E08000063
OrganisationURI,http://opendatacommunities.org/id/metropolitan-district-council/oldham,http://opendatacommunities.org/id/geography/administration/md/E08000064
OrganisationURI,http://opendatacommunities.org/id/metropolitan-district-council/oldham,http://opendatacommunities.org/id/geography/administration/md/E08000065
OrganisationURI,http://opendatacommunities.org/id/metropolitan-district-council/oldham,http://opendatacommunities.org/id/geography/administration/md/E08000066
OrganisationURI,http://opendatacommunities.org/id/metropolitan-district-council/oldham,http://opendatacommunities.org/id/geography/administration/md/E08000067
OrganisationURI,http://opendatacommunities.org/id/metropolitan-district-council/oldham,http://opendatacommunities.org/id/geography/administration/md/E08000068
OrganisationURI,http://opendatacommunities.org/id/metropolitan-district-council/oldham,http://opendatacommunities.org/id/geography/administration/md/E08000069
OrganisationURI,http://opendatacommunities.org/id/metropolitan-district-council/oldham,http://opendatacommunities.org/id/geography/administration/md/E08000070
OrganisationURI,http://opendatacommunities.org/id/metropolitan-district-council/oldham,http://opendatacommunities.org/id/geography/administration/md/E08000071
OrganisationURI,http://opendatacommunities.org/id/metropolitan-district-council/oldham,http://opendatacommunities.org/id/geography/administration/md/E08000072
OrganisationURI,http://opendatacommunities.org/id/metropolitan-district-council/oldham,http://opendatacommunities.org/id/geography/administration/md/E08000073
OrganisationURI,http://opendatacommunities.org/id/district-council/east-staffordshire,http://opendatacommunities.org/id/geography/administration/nmd/E07000230
OrganisationURI,http://opendatacommunities.org/id/district-council/east-staffordshire,http://opendatacommunities.org/id/geography/administration/nmd/E07000231
OrganisationURI,http://opendatacommunities.org/id/district-council/east-staffordshire,http://opendatacommunities.org/id/geography/administration/nmd/E07000232
OrganisationURI,http://opendatacommunities.org/id/district-council/stafford,http://opendatacommunities.org/id/geography/administration/nmd/E07000233
OrganisationURI,http://opendatacommunities.org/id/unitary-authority/cheshire-east,http://opendatacommunities.org/id/geography/administration/ua/E06000057
OrganisationURI,http://opendatacommunities.org/id/unitary-authority/cheshire-east,http://opendatacommunities.org/id/geography/administration/ua/E06000060
OrganisationURI,http://opendatacommunities.org/id/unitary-authority/cheshire-east,http://opendatacommunities.org/id/geography/administration/ua/E06000061
OrganisationURI,http://opendatacommunities.org/id/unitary-authority/cheshire-east,http://opendatacommunities.org/id/geography/administration/ua/E06000062
OrganisationURI,http://opendatacommunities.org/id/unitary-authority/cheshire-east,http://opendatacommunities.org/id/geography/administration/ua/E06000063
OrganisationURI,http://opendatacommunities.org/id/unitary-authority/cheshire-east,http://opendatacommunities.org/id/geography/administration/ua/E06000064
OrganisationURI,http://opendatacommunities.org/id/unitary-authority/cheshire-east,http://opendatacommunities.org/id/geography/administration/ua/E06000065
OrganisationURI,http://opendatacommunities.org/id/unitary-authority/cheshire-east,http://opendatacommunities.org/id/geography/administration/ua/E06000066
OrganisationURI,http://opendatacommunities.org/id/unitary-authority/cheshire-east,http://opendatacommunities.org/id/geography/administration/ua/E06000067
OrganisationURI,http://opendatacommunities.org/id/unitary-authority/cheshire-east,http://opendatacommunities.org/id/geography/administration/ua/E06000068
OrganisationURI,http://opendatacommunities.org/id/unitary-authority/cheshire-east,http://opendatacommunities.org/id/geography/administration/ua/E06000069
OrganisationURI,http://opendatacommunities.org/id/unitary-authority/cheshire-east,http://opendatacommunities.org/id/geography/administration/ua/E06000070
OrganisationURI,http://opendatacommunities.org/id/unitary-authority/cheshire-east,http://opendatacommunities.org/id/geography/administration/ua/E06000071
OrganisationURI,http://opendatacommunities.org/id/unitary-authority/cheshire-east,http://opendatacommunities.org/id/geography/administration/ua/E06000072
OrganisationURI,http://opendatacommunities.org/id/unitary-authority/cheshire-east,http://opendatacommunities.org/id/geography/administration/ua/E06000073
OrganisationURI,http://opendatacommunities.org/id/unitary-authority/cheshire-east,http://opendatacommunities.org/id/geography/administration/ua/E06000074
OrganisationURI,http://opendatacommunities.org/id/unitary-authority/cheshire-east,http://opendatacommunities.org/id/geography/administration/ua/E06000075
OrganisationURI,http://opendatacommunities.org/id/unitary-authority/cheshire-east,http://opendatacommunities.org/id/geography/administration/ua/E06000076
OrganisationURI,http://opendatacommunities.org/id/unitary-authority/cheshire-east,http://opendatacommunities.org/id/geography/administration/ua/E06000077
OrganisationURI,http://opendatacommunities.org/id/unitary-authority/cheshire-east,http://opendatacommunities.org/id/geography/administration/ua/E06000078
OrganisationURI,http://opendatacommunities.org/id/unitary-authority/cheshire-east,http://opendatacommunities.org/id/geography/administration/ua/E06000079
OrganisationURI,http://opendatacommunities.org/id/unitary-authority/cheshire-east,http://opendatacommunities.org/id/geography/administration/ua/E06000080
OrganisationURI,http://opendatacommunities.org/id/unitary-authority/cheshire-east,http://opendatacommunities.org/id/geography/administration/ua/E06000081
OrganisationURI,http://opendatacommunities.org/id/unitary-authority/cheshire-east,http://opendatacommunities.org/id/geography/administration/ua/E06000082
OrganisationURI,http://opendatacommunities.org/id/unitary-authority/cheshire-east,http://opendatacommunities.org/id/geography/administration/ua/E06000083
OrganisationURI,http://opendatacommunities.org/id/unitary-authority/cheshire-east,http://opendatacommunities.org/id/geography/administration/ua/E06000084
OrganisationURI,http://opendatacommunities.org/id/unitary-authority/cheshire-east,http://opendatacommunities.org/id/geography/administration/ua/E06000085
OrganisationURI,http://opendatacommunities.org/id/unitary-authority/cheshire-east,http://opendatacommunities.org/id/geography/administration/ua/E06000086
OrganisationURI,http://opendatacommunities.org/id/unitary-authority/cheshire-east,http://opendatacommunities.org/id/geography/administration/ua/E06000087
OrganisationURI,http://opendatacommunities.org/id/unitary-authority/cheshire-east,http://opendatacommunities.org/id/geography/administration/ua/E06000088
OrganisationURI,http://opendatacommunities.org/id/unitary-authority/cheshire-east,http://opendatacommunities.org/id/geography/administration/ua/E06000089
OrganisationURI,http://opendatacommunities.org/id/unitary-authority/cheshire-east,http://opendatacommunities.org/id/geography/administration/ua/E06000090
OrganisationURI,http://opendatacommunities.org/id/unitary-authority/cheshire-east,http://opendatacommunities.org/id/geography/administration/ua/E06000091
OrganisationURI,http://opendatacommunities.org/id/unitary-authority/cheshire-east,http://opendatacommunities.org/id/geography/administration/ua/E06000092
OrganisationURI,http://opendatacommunities.org/id/unitary-authority/cheshire-east,http://opendatacommunities.org/id/geography/administration/ua/E06000093
OrganisationURI,http://opendatacommunities.org/id/unitary-authority/cheshire-east,http://opendatacommunities.org/id/geography/administration/ua/E06000094
OrganisationURI,http://opendatacommunities.org/id/unitary-authority/cheshire-east,http://opendatacommunities.org/id/geography/administration/ua/E06000095
OrganisationURI,http://opendatacommunities.org/id/unitary-authority/cheshire-east,http://opendatacommunities.org/id/geography/administration/ua/E06000096
OrganisationURI,http://opendatacommunities.org/id/unitary-authority/cheshire-east,http://opendatacommunities.org/id/geography/administration/ua/E06000097
OrganisationURI,http://opendatacommunities.org/id/unitary-authority/cheshire-east,http://opendatacommunities.org/id/geography/administration/ua/E06000098
OrganisationURI,http://opendatacommunities.org/id/unitary-authority/cheshire-east,http://opendatacommunities.org/id/geography/administration/ua/E06000099
OrganisationURI,http://opendatacommunities.org/id/unitary-authority/cheshire-east,http://opendatacommunities.org/id/geography/administration/ua/E06000100
OrganisationURI,http://opendatacommunities.org/id/unitary-authority/cheshire-east,http://opendatacommunities.org/id/geography/administration/ua/E06000101
OrganisationURI,http://opendatacommunities.org/id/unitary-authority/cheshire-east,http://opendatacommunities.org/id/geography/administration/ua/E06000102
OrganisationURI,http://opendatacommunities.org/id/unitary-authority/cheshire-east,http://opendatacommunities.org/id/geography/administration/ua/E06000103
OrganisationURI,http://opendatacommunities.org/id/unitary-authority/cheshire-east,http://opendatacommunities.org/id/geography/administration/ua/E06000104
OrganisationURI,http://opendatacommunities.org/id/unitary-authority/cheshire-east,http://opendatacommunities.org/id/geography/administration/ua/E06000105
OrganisationURI,http://opendatacommunities.org/id/unitary-authority/cheshire-east,http://opendatacommunities.org/id/geography/administration/ua/E06000106
OrganisationURI,http://opendatacommunities.org/id/unitary-authority/cheshire-east,http://opendatacommunities.org/id/geography/administration/ua/E06000107
OrganisationURI,http://opendatacommunities.org/id/unitary-authority/cheshire-east,http://opendatacommunities.org/id/geography/administration/ua/E06000108
OrganisationURI,http://opendatacommunities.org/id/unitary-authority/cheshire-east,http://opendatacommunities.org/id/geography/administration/ua/E06000109
OrganisationURI,http://opendatacommunities.org/id/unitary-authority/cheshire-east,http://opendatacommunities.org/id/geography/administration/ua/E06000110
OrganisationURI,http://opendatacommunities.org/id/unitary-authority/cheshire-east,http://opendatacommunities.org/id/geography/administration/ua/E06000111
OrganisationURI,http://opendatacommunities.org/id/unitary-authority/cheshire-east,http://opendatacommunities.org/id/geography/administration/ua/E06000112
OrganisationURI,http://opendatacommunities.org/id/unitary-authority/cheshire-east,http://opendatacommunities.org/id/geography/administration/ua/E06000113
OrganisationURI,http://opendatacommunities.org/id/unitary-authority/cheshire-east,http://opendatacommunities.org/id/geography/administration/ua/E06000114
OrganisationURI,http://opendatacommunities.org/id/unitary-authority/cheshire-east,http://opendatacommunities.org/id/geography/administration/ua/E06000115
OrganisationURI,http://opendatacommunities.org/id/unitary-authority/cheshire-east,http://opendatacommunities.org/id/geography/administration/ua/E06000116
OrganisationURI,http://opendatacommunities.org/id/unitary-authority/cheshire-east,http://opendatacommunities.org/id/geography/administration/ua/E06000117
OrganisationURI,http://opendatacommunities.org/id/unitary-authority/cheshire-east,http://opendatacommunities.org/id/geography/administration/ua/E06000118
OrganisationURI,http://opendatacommunities.org/id/unitary-authority/cheshire-east,http://opendatacommunities.org/id/geography/administration/ua/E06000119
OrganisationURI,http://opendatacommunities.org/id/unitary-authority/cheshire-east,http://opendatacommunities.org/id/geography/administration/ua/E06000120
OrganisationURI,http://opendatacommunities.org/id/unitary-authority/cheshire-east,http://opendatacommunities.org/id/geography/administration/ua/E06000121
OrganisationURI,http://opendatacommunities.org/id/unitary-authority/cheshire-east,http://opendatacommunities.org/id/geography/administration/ua/E06000122
OrganisationURI,http://opendatacommunities.org/id/unitary-authority/cheshire-east,http://opendatacommunities.org/id/geography/administration/ua/E06000123
OrganisationURI,http://opendatacommunities.org/id/unitary-authority/cheshire-east,http://opendatacommunities.org/id/geography/administration/ua/E06000124
OrganisationURI,http://opendatacommunities.org/id/unitary-authority/cheshire-east,http://opendatacommunities.org/id/geography/administration/ua/E06000125
OrganisationURI,http://opendatacommunities.org/id/unitary-authority/cheshire-east,http://opendatacommunities.org/id/geography/administration/ua/E06000126
OrganisationURI,http://opendatacommunities.org/id/unitary-authority/cheshire-east,http://opendatacommunities.org/id/geography/administration/ua/E06000127
OrganisationURI,http://opendatacommunities.org/id/unitary-authority/cheshire-east,http://opendatacommunities.org/id/geography/administration/ua/E06000128
OrganisationURI,http://opendatacommunities.org/id/unitary-authority/cheshire-east,http://opendatacommunities.org/id/geography/administration/ua/E06000129
OrganisationURI,http://opendatacommunities.org/id/unitary-authority/cheshire-east,http://opendatacommunities.org/id/geography/administration/ua/E06000130
OrganisationURI,http://opendatacommunities.org/id/unitary-authority/cheshire-east,http://opendatacommunities.org/id/geography/administration/ua/E06000131
OrganisationURI,http://opendatacommunities.org/id/unitary-authority/cheshire-east,http://opendatacommunities.org/id/geography/administration/ua/E06000132
OrganisationURI,http://opendatacommunities.org/id/unitary-authority/cheshire-east,http://opendatacommunities.org/id/geography/administration/ua/E06000132
OrganisationURI,http://opendatacommunities.org/id/unitary-authority/cheshire-east,http://opendatacommunities.org/id/geography/administration/ua/E06000132
OrganisationURI,http://opendatacommunities.org/id/unitary-authority/cheshire-east,http://opendatacommunities.org/id/geography/administration/ua/E06000132
OrganisationURI,http://opendatacommunities.org/id/unitary-authority/cheshire-east,http://opendatacommunities.org/id/geography/administration/ua/E06000133
OrganisationURI,http://opendatacommunities.org/id/unitary-authority/cheshire-east,http://opendatacommunities.org/id/geography/administration/ua/E06000134
OrganisationURI,http://opendatacommunities.org/id/unitary-authority/cheshire-east,http://opendatacommunities.org/id/geography/administration/ua/E06000135
OrganisationURI,http://opendatacommunities.org/id/unitary-authority/cheshire-east,http://opendatacommunities.org/id/geography/administration/ua/E06000136
OrganisationURI,http://opendatacommunities.org/id/unitary-authority/cheshire-east,http://opendatacommunities.org/id/geography/administration/ua/E06000137
OrganisationURI,http://opendatacommunities.org/id/unitary-authority/cheshire-east,http://opendatacommunities.org/id/geography/administration/ua/E06000138
OrganisationURI,http://opendatacommunities.org/id/district-council/east-hertfordshire,http://opendatacommunities.org/resource?uri=http://opendatacommunities.org/id/geography/administration/nmd/E07000242
OrganisationURI,http://opendatacommunities.org/id/district-council/east-hertfordshire,http://opendatacommunities.org/resource?uri=http://opendatacommunities.org/id/geography/administration/nmd/E07000243
OrganisationURI,http://opendatacommunities.org/id/district-council/east-hertfordshire,http://opendatacommunities.org/resource?uri=http://opendatacommunities.org/id/geography/administration/nmd/E07000247
OrganisationURI,http://opendatacommunities.org/id/district-council/east-hertfordshire,http://opendatacommunities.org/resource?uri=http://opendatacommunities.org/id/geography/administration/nmd/E07000248
OrganisationURI,http://opendatacommunities.org/id/district-council/east-hertfordshire,http://opendatacommunities.org/resource?uri=http://opendatacommunities.org/id/geography/administration/nmd/E07000249
OrganisationURI,http://opendatacommunities.org/id/district-council/east-hertfordshire,http://opendatacommunities.org/resource?uri=http://opendatacommunities.org/id/geography/administration/nmd/E07000250
OrganisationURI,http://opendatacommunities.org/id/district-council/east-hertfordshire,http://opendatacommunities.org/resource?uri=http://opendatacommunities.org/id/geography/administration/nmd/E07000251
OrganisationURI,http://opendatacommunities.org/id/district-council/east-hertfordshire,http://opendatacommunities.org/resource?uri=http://opendatacommunities.org/id/geography/administration/nmd/E07000252
OrganisationURI,http://opendatacommunities.org/id/district-council/east-hertfordshire,http://opendatacommunities.org/resource?uri=http://opendatacommunities.org/id/geography/administration/nmd/E07000253
OrganisationURI,http://opendatacommunities.org/id/district-council/east-hertfordshire,http://opendatacommunities.org/resource?uri=http://opendatacommunities.org/id/geography/administration/nmd/E07000254
OrganisationURI,http://opendatacommunities.org/id/district-council/east-hertfordshire,http://opendatacommunities.org/resource?uri=http://opendatacommunities.org/id/geography/administration/nmd/E07000255
OrganisationURI,http://opendatacommunities.org/id/district-council/east-hertfordshire,http://opendatacommunities.org/resource?uri=http://opendatacommunities.org/id/geography/administration/nmd/E07000256
OrganisationURI,http://opendatacommunities.org/id/district-council/east-hertfordshire,http://opendatacommunities.org/resource?uri=http://opendatacommunities.org/id/geography/administration/nmd/E07000257
OrganisationURI,http://opendatacommunities.org/id/district-council/east-hertfordshire,http://opendatacommunities.org/resource?uri=http://opendatacommunities.org/id/geography/administration/nmd/E07000258
OrganisationURI,http://opendatacommunities.org/id/district-council/east-hertfordshire,http://opendatacommunities.org/resource?uri=http://opendatacommunities.org/id/geography/administration/nmd/E07000259
OrganisationURI,http://opendatacommunities.org/id/district-council/east-hertfordshire,http://opendatacommunities.org/resource?uri=http://opendatacommunities.org/id/geography/administration/nmd/E07000260
OrganisationURI,http://opendatacommunities.org/id/district-council/east-hertfordshire,http://opendatacommunities.org/resource?uri=http://opendatacommunities.org/id/geography/administration/nmd/E07000261
OrganisationURI,http://opendatacommunities.org/id/district-council/east-hertfordshire,http://opendatacommunities.org/resource?uri=http://opendatacommunities.org/id/geography/administration/nmd/E07000262
OrganisationURI,http://opendatacommunities.org/id/district-council/east-hertfordshire,http://opendatacommunities.org/resource?uri=http://opendatacommunities.org/id/geography/administration/nmd/E07000263
OrganisationURI,http://opendatacommunities.org/id/district-council/east-hertfordshire,http://opendatacommunities.org/resource?uri=http://opendatacommunities.org/id/geography/administration/nmd/E07000264
OrganisationURI,http://opendatacommunities.org/id/district-council/east-hertfordshire,http://opendatacommunities.org/resource?uri=http://opendatacommunities.org/id/geography/administration/nmd/E07000265
OrganisationURI,http://opendatacommunities.org/id/district-council/east-hertfordshire,http://opendatacommunities.org/resource?uri=http://opendatacommunities.org/id/geography/administration/nmd/E07000266
OrganisationURI,http://opendatacommunities.org/id/district-council/east-hertfordshire,http://opendatacommunities.org/resource?uri=http://opendatacommunities.org/id/geography/administration/nmd/E07000267
OrganisationURI,http://opendatacommunities.org/id/district-council/east-hertfordshire,http://opendatacommunities.org/resource?uri=http://opendatacommunities.org/id/geography/administration/nmd/E07000268
OrganisationURI,http://opendatacommunities.org/id/district-council/st-edmundsbury,St Edmundsbury
OrganisationURI,http://opendatacommunities.org/id/district-council/west-suffolk,West Suffolk
OrganisationURI,http://opendatacommunities.org/id/metropolitan-district-council/wigan,Wigan Council
OrganisationURI,http://opendatacommunities.org/id/metropolitan-district-council/liverpool,www.liverpool.gov.uk
OrganisationURI,http://opendatacommunities.org/id/district-council/forest-heath,Forest Heath
OrganisationURI,http://opendatacommunities.org/id/district-council/maidstone,Maidstone E07000110
OrganisationURI,http://opendatacommunities.org/id/unitary-authority/stoke-on-trent,"Click here to go to the city council entry on the Ministry of Housing, Communities and Local Government website"
OrganisationURI,http://opendatacommunities.org/id/district-council/south-norfolk,South Norfolk
